DROP TABLE IF EXISTS emp;

CREATE TABLE emp_bonus (
  empno INTEGER NOT NULL,
  received TEXT default NULL,
  type INTEGER NOT NULL
);

INSERT INTO emp_bonus VALUES (7369, '14-MAR-2005', 1);
INSERT INTO emp_bonus VALUES (7900, '14-MAR-2005', 2);
INSERT INTO emp_bonus VALUES (7788, '14-MAR-2005', 3);


CREATE TABLE emp (
  empno INTEGER NOT NULL,
  ename TEXT default NULL,
  job TEXT default NULL,
  mgr INTEGER default NULL,
  hiredate TEXT default NULL,
  sal INTEGER default NULL,
  comm INTEGER default NULL,
  deptno INTEGER default NULL
);

DROP TABLE IF EXISTS dept;

CREATE TABLE dept (
  deptno INTEGER default NULL,
  dname TEXT default NULL,
  loc TEXT default NULL
);

CREATE TABLE sales (
    date1 TEXT default NULL,
    sales INTEGER default NULL
);

INSERT INTO emp VALUES ('7369','SMITH','CLERK','7902','1980-12-17','800',NULL,'20');
INSERT INTO emp VALUES ('7499','ALLEN','SALESMAN','7698','1981-02-20','1600','300','30');
INSERT INTO emp VALUES ('7521','WARD','SALESMAN','7698','1981-02-22','1250','500','30');
INSERT INTO emp VALUES ('7566','JONES','MANAGER','7839','1981-04-02','2975',NULL,'20');
INSERT INTO emp VALUES ('7654','MARTIN','SALESMAN','7698','1981-09-28','1250','1400','30');
INSERT INTO emp VALUES ('7698','BLAKE','MANAGER','7839','1981-05-01','2850',NULL,'30');
INSERT INTO emp VALUES ('7782','CLARK','MANAGER','7839','1981-06-09','2450',NULL,'10');
INSERT INTO emp VALUES ('7788','SCOTT','ANALYST','7566','1982-12-09','3000',NULL,'20');
INSERT INTO emp VALUES ('7839','KING','PRESIDENT',NULL,'1981-11-17','5000',NULL,'10');
INSERT INTO emp VALUES ('7844','TURNER','SALESMAN','7698','1981-09-08','1500','0','30');
INSERT INTO emp VALUES ('7876','ADAMS','CLERK','7788','1983-01-12','1100',NULL,'20');
INSERT INTO emp VALUES ('7900','JAMES','CLERK','7698','1981-12-03','950',NULL,'30');
INSERT INTO emp VALUES ('7902','FORD','ANALYST','7566','1981-12-03','3000',NULL,'20');
INSERT INTO emp VALUES ('7934','MILLER','CLERK','7782','1982-01-23','1300',NULL,'10');

INSERT INTO dept VALUES ('10','ACCOUNTING','NEW YORK');
INSERT INTO dept VALUES ('20','RESEARCH','DALLAS');
INSERT INTO dept VALUES ('30','SALES','CHICAGO');
INSERT INTO dept VALUES ('40','OPERATIONS','BOSTON');

INSERT INTO sales VALUES ('2020-01-01', 647);
INSERT INTO sales VALUES ('2020-01-02', 561);
INSERT INTO sales VALUES ('2020-01-03', 741);
INSERT INTO sales VALUES ('2020-01-04', 978);
INSERT INTO sales VALUES ('2020-01-05', 1062);
INSERT INTO sales VALUES ('2020-01-06', 1072);
INSERT INTO sales VALUES ('2020-01-07', 805);
INSERT INTO sales VALUES ('2020-01-08', 662);
INSERT INTO sales VALUES ('2020-01-09', 1083);
INSERT INTO sales VALUES ('2020-01-10', 970);
