DROP TABLE IF EXISTS emp;

CREATE TABLE emp_bonus (
  empno INTEGER NOT NULL,
  received TEXT default NULL,
  type INTEGER NOT NULL
);

INSERT INTO emp_bonus VALUES (7369, '14-MAR-2005', 1);
INSERT INTO emp_bonus VALUES (7900, '14-MAR-2005', 2);
INSERT INTO emp_bonus VALUES (7788, '14-MAR-2005', 3);


CREATE TABLE emp (
  empno INTEGER NOT NULL,
  ename TEXT default NULL,
  job TEXT default NULL,
  mgr INTEGER default NULL,
  hiredate TEXT default NULL,
  sal INTEGER default NULL,
  comm INTEGER default NULL,
  deptno INTEGER default NULL
);

DROP TABLE IF EXISTS dept;

CREATE TABLE dept (
  deptno INTEGER default NULL,
  dname TEXT default NULL,
  loc TEXT default NULL
);

CREATE TABLE sales (
    date1 TEXT default NULL,
    sales INTEGER default NULL
);

CREATE table sqlite100 (
  pos INTEGER default NULL
);

CREATE table emp_project (
  empno INTEGER default NULL,
  ename TEXT default NULL,
  proj_id INTEGER NULL,
  proj_start TEXT default NULL,
  proj_end TEXT default NULL
);

INSERT INTO emp VALUES ('7369','SMITH','CLERK','7902','2005-12-17','800',NULL,'20');
INSERT INTO emp VALUES ('7499','ALLEN','SALESMAN','7698','2006-02-20','1600','300','30');
INSERT INTO emp VALUES ('7521','WARD','SALESMAN','7698','2006-02-22','1250','500','30');
INSERT INTO emp VALUES ('7566','JONES','MANAGER','7839','2006-04-02','2975',NULL,'20');
INSERT INTO emp VALUES ('7654','MARTIN','SALESMAN','7698','2006-09-28','1250','1400','30');
INSERT INTO emp VALUES ('7698','BLAKE','MANAGER','7839','2006-05-01','2850',NULL,'30');
INSERT INTO emp VALUES ('7782','CLARK','MANAGER','7839','2006-06-09','2450',NULL,'10');
INSERT INTO emp VALUES ('7788','SCOTT','ANALYST','7566','2007-12-09','3000',NULL,'20');
INSERT INTO emp VALUES ('7839','KING','PRESIDENT',NULL,'2006-11-17','5000',NULL,'10');
INSERT INTO emp VALUES ('7844','TURNER','SALESMAN','7698','2006-09-08','1500','0','30');
INSERT INTO emp VALUES ('7876','ADAMS','CLERK','7788','2008-01-12','1100',NULL,'20');
INSERT INTO emp VALUES ('7900','JAMES','CLERK','7698','2006-12-03','950',NULL,'30');
INSERT INTO emp VALUES ('7902','FORD','ANALYST','7566','2006-12-03','3000',NULL,'20');
INSERT INTO emp VALUES ('7934','MILLER','CLERK','7782','2007-01-23','1300',NULL,'10');

INSERT INTO dept VALUES ('10','ACCOUNTING','NEW YORK');
INSERT INTO dept VALUES ('20','RESEARCH','DALLAS');
INSERT INTO dept VALUES ('30','SALES','CHICAGO');
INSERT INTO dept VALUES ('40','OPERATIONS','BOSTON');

INSERT INTO sales VALUES ('2020-01-01', 647);
INSERT INTO sales VALUES ('2020-01-02', 561);
INSERT INTO sales VALUES ('2020-01-03', 741);
INSERT INTO sales VALUES ('2020-01-04', 978);
INSERT INTO sales VALUES ('2020-01-05', 1062);
INSERT INTO sales VALUES ('2020-01-06', 1072);
INSERT INTO sales VALUES ('2020-01-07', 805);
INSERT INTO sales VALUES ('2020-01-08', 662);
INSERT INTO sales VALUES ('2020-01-09', 1083);
INSERT INTO sales VALUES ('2020-01-10', 970);

INSERT INTO sqlite100 VALUES(1);
INSERT INTO sqlite100 VALUES(2);
INSERT INTO sqlite100 VALUES(3);
INSERT INTO sqlite100 VALUES(4);
INSERT INTO sqlite100 VALUES(5);
INSERT INTO sqlite100 VALUES(6);
INSERT INTO sqlite100 VALUES(7);
INSERT INTO sqlite100 VALUES(8);
INSERT INTO sqlite100 VALUES(9);
INSERT INTO sqlite100 VALUES(10);
INSERT INTO sqlite100 VALUES(11);
INSERT INTO sqlite100 VALUES(12);
INSERT INTO sqlite100 VALUES(13);
INSERT INTO sqlite100 VALUES(14);
INSERT INTO sqlite100 VALUES(15);
INSERT INTO sqlite100 VALUES(16);
INSERT INTO sqlite100 VALUES(17);
INSERT INTO sqlite100 VALUES(18);
INSERT INTO sqlite100 VALUES(19);
INSERT INTO sqlite100 VALUES(20);
INSERT INTO sqlite100 VALUES(21);
INSERT INTO sqlite100 VALUES(22);
INSERT INTO sqlite100 VALUES(23);
INSERT INTO sqlite100 VALUES(24);
INSERT INTO sqlite100 VALUES(25);
INSERT INTO sqlite100 VALUES(26);
INSERT INTO sqlite100 VALUES(27);
INSERT INTO sqlite100 VALUES(28);
INSERT INTO sqlite100 VALUES(29);
INSERT INTO sqlite100 VALUES(30);
INSERT INTO sqlite100 VALUES(31);
INSERT INTO sqlite100 VALUES(32);
INSERT INTO sqlite100 VALUES(33);
INSERT INTO sqlite100 VALUES(34);
INSERT INTO sqlite100 VALUES(35);
INSERT INTO sqlite100 VALUES(36);
INSERT INTO sqlite100 VALUES(37);
INSERT INTO sqlite100 VALUES(38);
INSERT INTO sqlite100 VALUES(39);
INSERT INTO sqlite100 VALUES(40);
INSERT INTO sqlite100 VALUES(41);
INSERT INTO sqlite100 VALUES(42);
INSERT INTO sqlite100 VALUES(43);
INSERT INTO sqlite100 VALUES(44);
INSERT INTO sqlite100 VALUES(45);
INSERT INTO sqlite100 VALUES(46);
INSERT INTO sqlite100 VALUES(47);
INSERT INTO sqlite100 VALUES(48);
INSERT INTO sqlite100 VALUES(49);
INSERT INTO sqlite100 VALUES(50);
INSERT INTO sqlite100 VALUES(51);
INSERT INTO sqlite100 VALUES(52);
INSERT INTO sqlite100 VALUES(53);
INSERT INTO sqlite100 VALUES(54);
INSERT INTO sqlite100 VALUES(55);
INSERT INTO sqlite100 VALUES(56);
INSERT INTO sqlite100 VALUES(57);
INSERT INTO sqlite100 VALUES(58);
INSERT INTO sqlite100 VALUES(59);
INSERT INTO sqlite100 VALUES(60);
INSERT INTO sqlite100 VALUES(61);
INSERT INTO sqlite100 VALUES(62);
INSERT INTO sqlite100 VALUES(63);
INSERT INTO sqlite100 VALUES(64);
INSERT INTO sqlite100 VALUES(65);
INSERT INTO sqlite100 VALUES(66);
INSERT INTO sqlite100 VALUES(67);
INSERT INTO sqlite100 VALUES(68);
INSERT INTO sqlite100 VALUES(69);
INSERT INTO sqlite100 VALUES(70);
INSERT INTO sqlite100 VALUES(71);
INSERT INTO sqlite100 VALUES(72);
INSERT INTO sqlite100 VALUES(73);
INSERT INTO sqlite100 VALUES(74);
INSERT INTO sqlite100 VALUES(75);
INSERT INTO sqlite100 VALUES(76);
INSERT INTO sqlite100 VALUES(77);
INSERT INTO sqlite100 VALUES(78);
INSERT INTO sqlite100 VALUES(79);
INSERT INTO sqlite100 VALUES(80);
INSERT INTO sqlite100 VALUES(81);
INSERT INTO sqlite100 VALUES(82);
INSERT INTO sqlite100 VALUES(83);
INSERT INTO sqlite100 VALUES(84);
INSERT INTO sqlite100 VALUES(85);
INSERT INTO sqlite100 VALUES(86);
INSERT INTO sqlite100 VALUES(87);
INSERT INTO sqlite100 VALUES(88);
INSERT INTO sqlite100 VALUES(89);
INSERT INTO sqlite100 VALUES(90);
INSERT INTO sqlite100 VALUES(91);
INSERT INTO sqlite100 VALUES(92);
INSERT INTO sqlite100 VALUES(93);
INSERT INTO sqlite100 VALUES(94);
INSERT INTO sqlite100 VALUES(95);
INSERT INTO sqlite100 VALUES(96);
INSERT INTO sqlite100 VALUES(97);
INSERT INTO sqlite100 VALUES(98);
INSERT INTO sqlite100 VALUES(99);
INSERT INTO sqlite100 VALUES(100);

INSERT INTO emp_project VALUES(7782, 'CLARK', 1,  '2005-06-16', '2005-06-18');
INSERT INTO emp_project VALUES(7782, 'CLARK', 4,  '2005-06-19', '2005-06-24');
INSERT INTO emp_project VALUES(7782, 'CLARK', 7,  '2005-06-22', '2005-06-25');
INSERT INTO emp_project VALUES(7782, 'CLARK', 10, '2005-06-16', '2005-06-18');
INSERT INTO emp_project VALUES(7782, 'CLARK', 13, '2005-06-28', '2005-07-02');
INSERT INTO emp_project VALUES(7829, 'KING', 2,  '2005-06-17', '2005-06-21');
INSERT INTO emp_project VALUES(7829, 'KING', 8,  '2005-06-23', '2005-06-25');
INSERT INTO emp_project VALUES(7829, 'KING', 14, '2005-06-29', '2005-06-30');
INSERT INTO emp_project VALUES(7829, 'KING', 11, '2005-06-26', '2005-06-27');
INSERT INTO emp_project VALUES(7829, 'KING', 5,  '2005-06-20', '2005-06-24');
INSERT INTO emp_project VALUES(7934, 'MILLER', 3, '2005-06-18', '2005-06-22');
INSERT INTO emp_project VALUES(7934, 'MILLER',12, '2005-06-27', '2005-06-28');
INSERT INTO emp_project VALUES(7934, 'MILLER',15, '2005-06-30', '2005-07-03');
INSERT INTO emp_project VALUES(7934, 'MILLER', 9, '2005-06-24', '2005-06-27');
INSERT INTO emp_project VALUES(7934, 'MILLER', 6, '2005-06-21', '2005-06-23');
